{
    "kishkindha": [
        15.457741873852289,
        76.52853243040772
    ],
    "rishyamukhaparvat": [
        15.343902414637958,
        76.46946781107171
    ],
    "pampalake": [
        15.353757164820498,
        76.47737507720483
    ],
    "matanga": [
        15.331815003276738,
        76.46822695391205
    ],
    "valiscave": [
        15.355600453282646,
        76.48080093863452
    ],
    "sri lanka": [
        7.578123010749659,
        80.75985260492848
    ],
    "ashoka vatika": [
        6.933335697630123,
        80.81033216943645
    ],
    "ramasetu": [
        9.084144810919241,
        79.56806254383595
    ],
    "lankabattlefield": [
        9.083388919757976,
        79.73437878649125
    ],
    "matanga": [
        15.331694812325274,
        76.4682484148132
    ],
    "panchavati": [
        20.009631079363064,
        73.79201662547459
    ],
    "ramsetu": [
        9.125635867068922,
        79.56299937381824
    ],
    "dandakaforest": [
        19.11411253555136,
        81.96155372179408
    ],
    "panchavati": [
        20.009913352455573,
        73.79128706466896
    ],
    "dandakaforest": [
        19.11411253555136,
        81.96155372179408
    ],
    "dandakaforest": [
        19.11411253555136,
        81.96155372179408
    ],
    "kharaterritory": [
        19.11411253555136,
        81.96155372179408
    ],
    "dandakaforest": [
        19.11411253555136,
        81.96155372179408
    ],
    "janasthana": [
        20.000090544983316,
        73.76089876777127
    ],
    "dandakaforest": [
        19.11411253555136,
        81.96155372179408
    ],
    "lepakshi": [
        13.804585322292777,
        77.60876055352992
    ],
    "dandakaforest": [
        19.11411253555136,
        81.96155372179408
    ],
    "rishyamukhaparvat": [
        15.34392314551776,
        76.46866316768627
    ],
    "kishkindha": [
        15.457451719513466,
        76.52836046248154
    ],
    "pampariver": [
        15.622109069771982,
        76.1817796379903
    ],
    "kishkindha":[15.55819437519853, 76.44546178716821],
    "mahendramountain":[18.979551336546013, 84.36963531431901],
    "indianocean":[-22.690585878766992, 78.07500952194593],
    "100yojanas":[10.11462379401501, 76.22410539645249],
    "srilanka":[7.616128468555338, 80.81510946936669],
    "trikutamountain":[24.623236938283036, 86.83694424479647],
    "lambaparvat":[9.333461733970752, 80.34879850278313],
    "sigriya":[7.95476138852573, 80.75350363399639],
    "simsupatree":[7.610792888643441, 80.72689362265083],
    "gandhamardanamountain":[20.851161870212696, 82.86270626806919],
    "ashokagarden":[23.259908498514005, 77.43181406604195],
    "srilanka2":[7.616128468555338, 80.81510946936669],
    "ashokavatika":[6.933240372528295, 80.81025023980756],
    "aristamountain":[30.716175413911166, 76.59589273368594],
    "madhuvan":[12.229140324933544, 75.48143204434922],
    "malayamountain":[18.50019747206128, 83.00000637583246],
    "sahyamountain":[18.500617707040043, 82.9991214829909],
    "bhogavaticity":[20.526019421664866, 76.1433055555186],
    "mountkailsah":[31.675273256100425, 87.71345822875897],
    "rastala":[23.250102763991702, 87.0646610986287],
    "yamasocean":[],
    "padmavanaforest":[],
    "srilanka":[7.605238920742372, 80.61735565403455],
    "chadayamangalam":[8.873168804825829, 76.86935289289934],
    "mahendramountain":[18.979551336546013, 84.36963531431901],
    "tamsariver":[25.95825321441847, 83.58464169670295],
    "vedashrutiriver":[27.855644801387925, 79.7972635199659],
    "nepal":[28.36233743748018, 84.15963011291201],
    "uttarpradesh":[27.77648231819471, 79.88893999217933],
    "shringverpurriver":[25.60119118359041, 81.64609135139048],
    "viratanagri":[22.774750184896075, 72.44078864843522],
    "munibardvajaashram":[25.458703590846888, 81.8576211337118],
    "baghelkhand":[26.44270150344807, 77.9795601009308],
    "shyamvatt":[23.41631279563222, 77.08224634383312],
    "chitwan":[27.531282694588995, 84.34931973796166],
    "kekayirajya":[24.960503557229366, 83.85442072279507],
    "srilanka":[7.609783723535433, 80.6916575226178],
    "karnataka":[14.766034035092881, 75.72334891980769],
    "china":[34.91214469043315, 103.48853304639526],
    "uttarpradesh":[27.877777932420912, 79.8352078516432],
    "aanadesh":[25.40199902621374, 84.74107288791373],
    "uttarkand":[30.08197414281556, 79.11715841666182],
    "sarivriver":[31.010790705292557, 78.57976880037222],
    "buxar":[25.564388631815774, 83.97534834708965],
    "bisaul":[26.62610293791011, 85.99956805509534],
    "bihar":[25.727338050228987, 86.25548662932373],
    "upmpborder":[24.34135234877524, 82.60393471829869],
    "bihar2":[25.727338050228987, 86.25548662932373],
    "biharnearpatna":[25.59748753092887, 85.14200979074593],
    "farrukhabad":[27.38119350132273, 79.58524529333988],
    "ayodya":[26.791765764765668, 82.20105592722325]
}