{
    "kishkindha": [
        15.457741873852289,
        76.52853243040772
    ],
    "rishyamukhaparvat": [
        15.343902414637958,
        76.46946781107171
    ],
    "pampalake": [
        15.353757164820498,
        76.47737507720483
    ],
    "caveofmatanga": [
        15.331815003276738,
        76.46822695391205
    ],
    "valiscave": [
        15.355600453282646,
        76.48080093863452
    ],
    "sri lanka": [
        7.578123010749659,
        80.75985260492848
    ],
    "ashoka vatika": [
        6.933335697630123,
        80.81033216943645
    ],
    "ramasetu": [
        9.084144810919241,
        79.56806254383595
    ],
    "lankabattlefield": [
        9.083388919757976,
        79.73437878649125
    ],
    "matanga": [
        15.331694812325274,
        76.4682484148132
    ],
    "panchavati": [
        20.009631079363064,
        73.79201662547459
    ],
    "ramsetu": [
        9.125635867068922,
        79.56299937381824
    ],
    "dandakaforest": [
        19.11411253555136,
        81.96155372179408
    ],
    "panchavati": [
        20.009913352455573,
        73.79128706466896
    ],
    "dandakaforest": [
        19.11411253555136,
        81.96155372179408
    ],
    "dandakaforest": [
        19.11411253555136,
        81.96155372179408
    ],
    "kharaterritory": [
        19.11411253555136,
        81.96155372179408
    ],
    "dandakaforest": [
        19.11411253555136,
        81.96155372179408
    ],
    "janasthana": [
        20.000090544983316,
        73.76089876777127
    ],
    "dandakaforest": [
        19.11411253555136,
        81.96155372179408
    ],
    "lepakshi": [
        13.804585322292777,
        77.60876055352992
    ],
    "dandakaforest": [
        19.11411253555136,
        81.96155372179408
    ],
    "rishyamukhaparvat": [
        15.34392314551776,
        76.46866316768627
    ],
    "kishkinda": [
        15.457451719513466,
        76.52836046248154
    ],
    "pampariver": [
        15.622109069771982,
        76.1817796379903
    ]
}