{
    "delhi": [28.6139, 77.2090],
    "pune": [19.07283000,72.88261000],
    "jaipur": [26.91962, 75.78781],
    "lucknow": [26.83928, 80.92313],
    "hyderabad": [17.38405, 78.45636],
    "bangalore": [12.9716, 77.5946],
    "assam": [26.20060430, 92.93757390],
    "madhyapradesh": [22.97342290, 78.65689420]
}